{"episode/std_length_10":72.82314192617619,"episode/avg_reward_all":-3.9867165646995772,"episode/length":228,"_step":2155,"_timestamp":1.7531283474955041e+09,"step":999,"episode/max_reward_so_far":308.0545495762568,"episode/std_reward_10":193.1689878492736,"evaluation/episode":990,"episode/avg_length_10":199.3,"loss/value":3.1500134468078613,"episode/reward":279.23055697265295,"episode":1055,"_wandb":{"runtime":6698},"episode/avg_length_all":206.53598484848484,"_runtime":6698.607760741,"loss/entropy":0,"episode/avg_reward_10":97.29192422696141,"evaluation/reward":247.73715589802805,"episode/min_reward_so_far":-869.405928016554,"loss/policy":-82.7725830078125}