{"_wandb":{"runtime":6903},"evaluation/episode":1990,"episode/avg_length_all":430.62883435582825,"evaluation/reward":55.03886677422422,"episode":8149,"episode/avg_length_10":214.2,"loss/policy":-0.02184295654296875,"_timestamp":1.753088259004923e+09,"episode/reward":125.44019335462096,"loss/value":155.02682495117188,"episode/max_reward_so_far":307.0679690077355,"episode/std_length_10":264.84705020067713,"episode/length":1000,"_runtime":6903.210994833,"loss/entropy":0,"episode/avg_reward_10":44.23119997944199,"step":1999,"episode/std_reward_10":71.00634227392389,"_step":10349,"episode/avg_reward_all":-49.305712222009895,"episode/min_reward_so_far":-1568.0704010977936}