{"episode/avg_reward_10":221.07414344567377,"loss/value":5.3582658767700195,"episode/reward":162.49096485197447,"_step":2037,"_timestamp":1.753115156689323e+09,"episode/max_reward_so_far":294.9561702440282,"_wandb":{"runtime":6582},"episode/length":203,"episode/min_reward_so_far":-1244.6394469745194,"loss/entropy":0,"episode/std_length_10":98.24988549611648,"episode/avg_length_10":333.6,"loss/policy":-76.52940368652344,"episode/avg_length_all":197.8592750533049,"episode":937,"episode/avg_reward_all":-70.81514587876593,"episode/std_reward_10":35.01064108778338,"evaluation/episode":990,"evaluation/reward":137.39095667698038,"_runtime":6582.340901181,"step":999}