{"_step":10838,"_timestamp":1.753103777650623e+09,"episode/avg_reward_10":91.14439821095108,"episode":8638,"loss/policy":0.021314537152647972,"episode/avg_reward_all":-52.24726294373417,"episode/reward":205.18668373055365,"step":1999,"episode/max_reward_so_far":290.9864394701085,"episode/std_reward_10":117.0510036477806,"evaluation/reward":20.13518650198271,"_wandb":{"runtime":15515},"episode/avg_length_10":571.6,"loss/entropy":0,"episode/std_length_10":226.87802890540107,"_runtime":15515.621043175,"episode/length":486,"episode/avg_length_all":408.21229308947795,"loss/value":58.85030746459961,"episode/min_reward_so_far":-637.2102087750378,"evaluation/episode":1990}