{"episode/length":196,"episode/std_reward_10":151.27550545257225,"loss/policy":-72.83787536621094,"episode/avg_length_10":313.3,"step":999,"episode/max_reward_so_far":311.21748645834646,"evaluation/reward":172.82859219164047,"episode/avg_reward_10":198.58754417912186,"_wandb":{"runtime":6486},"episode/reward":253.85857316298868,"episode/avg_length_all":233.4750479846449,"loss/value":6.557901382446289,"episode/min_reward_so_far":-4222.758551903025,"evaluation/episode":990,"episode/avg_reward_all":49.03223570793428,"_timestamp":1.7531216458298495e+09,"episode":1041,"episode/std_length_10":107.51841702703774,"_step":2141,"_runtime":6485.970037912,"loss/entropy":0}