{"loss/value":160.29689025878906,"episode/std_reward_10":121.26364070729078,"episode/max_reward_so_far":239.84400593839274,"loss/entropy":0,"episode/avg_reward_all":-173.52728111251494,"evaluation/episode":1990,"_step":47876,"episode/avg_length_10":461.4,"episode/min_reward_so_far":-1145.1144957033887,"episode/std_length_10":262.65231771297965,"_wandb":{"runtime":4762},"_runtime":4762.104467553,"episode/avg_reward_10":-18.566261446510726,"loss/policy":0.0008002212271094322,"episode/avg_length_all":87.15585524443374,"_timestamp":1.753108542989291e+09,"evaluation/reward":-66.09463642241785,"episode/length":64,"episode/reward":-70.52907531478238,"episode":45676,"step":1999}